first_name,last_name,age
Cosmo,Keston,29
Rebecka,Boules,29
Ruthann,Wissbey,20
Bailey,Jimmes,76
Dayle,Paterson,83
Oliviero,Kingham,33
Kacey,Rosenhaus,55
Auroora,Chiese,66
Jenda,Grishukov,68
Cilka,Fripp,41
Elfie,Deniset,35
Polly,Wemm,64
Wainwright,Brasse,26
Randene,Martino,59
Batsheva,Kunc,35
Mona,Archbutt,70
Morissa,Raun,68
Edythe,De Freyne,80
Marwin,Browett,83
Erl,Chesley,25
Cirilo,Edon,27
Amabel,Sidgwick,78
Buffy,Jaffa,35
Dena,Giorgione,55
Charline,Tacker,22
Vail,Tordiffe,83
Darsey,Elsley,40
Maryrose,Birtchnell,75
Micaela,Reany,37
Burty,Evensden,69
Gaston,Bridgwater,52
Davy,Silbert,22
Seka,Szreter,81
Alyda,Vaud,68
Delphinia,Corkan,18
Ulises,Clemo,56
Rodina,Bowdler,43
Laetitia,Pavlata,31
Dot,Helling,20
Erik,O'Reilly,63
Johnny,Heald,82
Ermengarde,Toffel,36
Cash,Jenk,69
Archibaldo,Yeardsley,55
Frederique,Petrillo,80
Bourke,Dewfall,40
Marlene,Gullyes,19
Gale,Enderson,23
Hinze,Dunlap,41
Frasquito,Studders,52
Skelly,Marten,83
Tim,Ferreira,34
Fern,Stanmore,22
Coop,MacFadin,18
Ravid,Choupin,35
Cary,Rubert,72
Rickert,Goede,42
Merilee,Peskett,24
Adriana,Blenkinsopp,58
Dani,Vanyarkin,29
Clare,de Clerk,44
Hannie,Planks,41
Jozef,Rean,41
Ryun,Roubottom,43
Chlo,Dyble,34
Marj,Szwarc,42
Edmon,Battson,36
Clarence,Spencer,28
Brew,Mullenger,60
Evangelin,Murra,22
Jammie,Guiel,61
Esther,Scambler,73
Berrie,Benardeau,25
Zola,Giovanizio,24
Faun,Goozee,68
Dimitry,Klosa,74
Kienan,Calvey,48
Shelby,Edworthye,49
Wynn,Meconi,50
Leanna,Ollet,29
Claiborn,MacConnell,33
Dorise,Overington,19
Riobard,Butcher,72
Terrie,Lindner,53
Jenna,Thurlbourne,84
Vincents,Jacomb,67
Ruperto,Mummery,47
Ilsa,Buffery,34
Gregorius,Mix,34
Kira,Asee,51
Lutero,Hagergham,46
Stacey,Le - Count,62
Rossie,Pearsall,74
Dolley,Dowyer,60
Charita,Knellen,57
Chrysa,Pavolillo,40
Emmi,Jandourek,75
Leilah,Mabson,73
Colver,Garralts,45
Martina,Rouby,49
